"0","```r
plot(
  x = c(0.2, 0.4, 0.6, 0.8, 0.25, 0.45, 0.65, 0.85),
  y = c(QoI0Mean, QoI1Mean),
  xlim = c(0.1, 0.9),
  ylim = c(0, 0.65),
  bty = \"n\",
  xaxt = \"n\",
  las = 1,
  xlab = \"\",
  ylab = \"Predicted Probability of Voting for Party\",
  main = \"Not religious and religious voters\",
  type = \"n\"
)
abline(h = c(0, 0.1, 0.2, 0.3, 0.4, 0.5, 0.6),
       col = adjustcolor(\"black\", alpha = 0.2))
```"
"0","```r
points(
  x = c(0.2, 0.4, 0.6, 0.8, 0.25, 0.45, 0.65, 0.85),
  y = c(QoI0Mean, QoI1Mean),
  pch = 19,
  cex = 0.8,
  col = partycolors
)
text(x = (c(0.2, 0.4, 0.6, 0.8) - 0.07),
     y = QoI0Mean - 0.02,
     labels = levels(df$vote))
```"
"0","```r
segments(
  x0 = c(0.2, 0.4, 0.6, 0.8, 0.25, 0.45, 0.65, 0.85),
  y0 = c(QoI0CI[1,], QoI1CI[1,]),
  y1 = c(QoI0CI[2,], QoI1CI[2,]) ,
  lwd = 4,
  lend = 1,
  col = adjustcolor(partycolors, alpha = 0.4)
)
abline(v = c(0.3, 0.5, 0.7),
       lty = \"dashed\",
       col = \"lightgrey\")
```"
