{"chunk_definitions":[{"chunk_id":"cwmczuv7ebx0j","expansion_state":0,"options":[],"row":62,"row_count":1,"visible":true},{"chunk_id":"c7sygg6ph5j5m","expansion_state":0,"options":[],"row":121,"row_count":1,"visible":true},{"chunk_id":"cji4ek4plc20l","expansion_state":0,"options":[],"row":143,"row_count":1,"visible":true},{"chunk_id":"cqlps6ixezidk","expansion_state":0,"options":[],"row":182,"row_count":1,"visible":true},{"chunk_id":"c5usqpfmn6l8f","expansion_state":0,"options":[],"row":192,"row_count":1,"visible":true},{"chunk_id":"cwyh78huphyas","expansion_state":0,"options":[],"row":274,"row_count":1,"visible":true},{"chunk_id":"csueb1yrj7ira","expansion_state":0,"options":[],"row":317,"row_count":1,"visible":true},{"chunk_id":"covpkri791yrq","expansion_state":0,"options":[],"row":368,"row_count":1,"visible":true},{"chunk_id":"cnmcqbxwqo37b","expansion_state":0,"options":[],"row":453,"row_count":1,"visible":true}],"doc_write_time":1587637071.81339,"chunk_rendered_width":694}