"0","```r
QoIFD <- P[, , 1] - P[, , 2]

QoIFDMean <- apply(QoIFD, 2, mean)

QoIFDCI <-
  apply(QoIFD, 2, function(x)
    quantile(x, probs = c(0.025, 0.975)))


plot(
  x = c(0.2, 0.4, 0.6, 0.8),
  y = QoIFDMean,
  xlim = c(0.1, 0.9),
  ylim = c(-0.5, 0.5),
  bty = \"n\",
  xaxt = \"n\",
  las = 1,
  xlab = \"\",
  ylab = \"First Difference\",
  main = \"First Difference of not religious and religious voters\",
  type = \"n\"
)
abline(h = seq(-0.4, 0.4, 0.1),
       col = adjustcolor(\"black\", alpha = 0.2))
abline(h = 0, lwd = 2, lty = \"dashed\")
points(
  x = c(0.2, 0.4, 0.6, 0.8),
  y = QoIFDMean,
  pch = 19,
  cex = 0.8,
  col = partycolors
)
text(x = (c(0.2, 0.4, 0.6, 0.8) - 0.07),
     y = QoIFDMean - 0.02,
     labels = levels(df$vote))
segments(
  x0 = c(0.2, 0.4, 0.6, 0.8),
  y0 = QoIFDCI[1,],
  y1 = QoIFDCI[2,],
  lwd = 4,
  lend = 1,
  col = adjustcolor(partycolors, alpha = 0.4)
)
abline(v = c(0.3, 0.5, 0.7),
       lty = \"dashed\",
       col = \"lightgrey\")
```"
