{"chunk_definitions":[{"row":92,"row_count":1,"visible":true,"expansion_state":0,"options":{"engine":"r","label":"setup","echo":false,"include":false},"document_id":"C64247FB","chunk_id":"csetup_chunk","chunk_label":"setup"},{"row":183,"row_count":1,"visible":true,"expansion_state":0,"options":[],"document_id":null,"chunk_id":"cae50ib2e0ic8","chunk_label":"unnamed-chunk-1"},{"row":247,"row_count":1,"visible":true,"expansion_state":0,"options":[],"document_id":null,"chunk_id":"cbkkme2lmd5b9","chunk_label":"unnamed-chunk-2"},{"row":308,"row_count":1,"visible":true,"expansion_state":0,"options":[],"document_id":null,"chunk_id":"cp8j7yh05eihb","chunk_label":"Exercise I: OVA for a range of values"},{"row":387,"row_count":1,"visible":true,"expansion_state":0,"options":{"engine":"r","label":"unnamed-chunk-1"},"document_id":null,"chunk_id":"cm94vsm3ydbve","chunk_label":"unnamed-chunk-3"},{"row":411,"row_count":1,"visible":true,"expansion_state":0,"options":[],"document_id":null,"chunk_id":"cvq8nre0w3pp0","chunk_label":"unnamed-chunk-4"},{"row":450,"row_count":1,"visible":true,"expansion_state":0,"options":[],"document_id":null,"chunk_id":"cluipwre8f4l4","chunk_label":"Ordered Logit Log-Likelihood"},{"row":486,"row_count":1,"visible":true,"expansion_state":0,"options":[],"document_id":null,"chunk_id":"c6fijald2t7tn","chunk_label":"unnamed-chunk-5"},{"row":497,"row_count":1,"visible":true,"expansion_state":0,"options":[],"document_id":null,"chunk_id":"c0ss7lerlin58","chunk_label":"unnamed-chunk-6"},{"row":537,"row_count":1,"visible":true,"expansion_state":0,"options":[],"document_id":null,"chunk_id":"c8xf2y48ksum9","chunk_label":"unnamed-chunk-7"},{"row":612,"row_count":1,"visible":true,"expansion_state":0,"options":[],"document_id":null,"chunk_id":"caepvf2s9ecl0","chunk_label":"unnamed-chunk-8"}],"doc_write_time":1585820900,"working_dir":null,"default_chunk_options":{}}